rank,author,primary_topic,primary_topic_label,language,likes_display,published_label,text,url
1,'@Cdot2,humility,"Gordon’s humility: being a student, taking criticism, lifelong learning",English,104K,4 years ago,"One thing I love about Gordon, is that whenever you're in his kitchen he's the big dog. But as soon as he steps into someone else's kitchen he becomes the student again, very respectful and willing to learn.",https://www.youtube.com/watch?v=e2xNUZAjQr4
2,'@NotTheOnlyMattAround,chef_persona,"Head chef demeanor, calm authority, appearance",English,759,1 year ago,"I like that they feature a ""brutal head chef"" that's very quiet and barely speaks a word. You don't have to scream at people all the time to show authority.",https://www.youtube.com/watch?v=e2xNUZAjQr4
3,'@yuhangzhang2216,language,Cantonese / translators / language observations and jokes,English,39K,3 years ago,"You know the dim sum is legit when the chef, who works in London doesn't even speak English and responds in Cantonese.",https://www.youtube.com/watch?v=e2xNUZAjQr4
4,'@theShadeslayer,chef_standards,Head chef not lowering standards / not intimidated by celebrity,English,2.2K,2 years ago,points to the chef for not being nice to Ramsey or cutting him slack just because he's a celebrity,https://www.youtube.com/watch?v=e2xNUZAjQr4
5,'@seohanasaki,chef_standards,Head chef not lowering standards / not intimidated by celebrity,English,38K,4 years ago,Glad the head chef didn't drop his standards just because the cameras were around,https://www.youtube.com/watch?v=e2xNUZAjQr4
6,'@shaunh1725,score,The 45/100 vs 5/10 translation discrepancy,English,33K,3 years ago,"""5 out of 10 is high praise from these guys"". Ah, Gordon learned the culture so well!",https://www.youtube.com/watch?v=e2xNUZAjQr4
7,'@remveel2443,humility,"Gordon’s humility: being a student, taking criticism, lifelong learning",English,19K,4 years ago,"""Never call yourself a master, if you're not willing to learn""

Sun Tzu, got a 6/10 from chef Henry",https://www.youtube.com/watch?v=e2xNUZAjQr4
8,'@Calwinn,other,"Meta, jokes, or references not fitting above",English,1.5K,2 years ago,"Go ahead and google ""Head Chef Henry Chow, of The Royal China Club London"" and realize how old this video is",https://www.youtube.com/watch?v=e2xNUZAjQr4
9,'@obama281,humility,"Gordon’s humility: being a student, taking criticism, lifelong learning",English,10K,3 years ago,"""5 out of 10 from these guys is high praise indeed.""
Gordon's actually humble asf.",https://www.youtube.com/watch?v=e2xNUZAjQr4
10,'@benmendeja5199,chef_standards,Head chef not lowering standards / not intimidated by celebrity,English,16K,4 years ago,i love the fact that the Chinese chefs are not intimidated with Gordon Ramsay. they even give him a 5/10 rating,https://www.youtube.com/watch?v=e2xNUZAjQr4
11,'@katarhall3047,humility,"Gordon’s humility: being a student, taking criticism, lifelong learning",English,19K,3 years ago,"Ramsey isn't stupid. He knows he isn't some perfect chef that knows everything from around the world. There's a lot to always learn in the culinary world, especially where cultures are concerned.",https://www.youtube.com/watch?v=e2xNUZAjQr4
12,'@Jake38nine,humility,"Gordon’s humility: being a student, taking criticism, lifelong learning",English,2.2K,3 years ago,"I love how humble he is taking a 5/10. He knows exactly how to take criticism. At his level of success, he needs to know how to take it as much as he dishes it out, and seems like he does very well.",https://www.youtube.com/watch?v=e2xNUZAjQr4
13,'@ashleymistletoe,mutual_respect,Respect on both sides explicitly,English,13K,4 years ago,Both parties are highly respectable. One for putting down his burdened fame and putting himself on the chopping board. One for being unshaken by the burdened fame and being truthful to his own standard and values. Bravo.,https://www.youtube.com/watch?v=e2xNUZAjQr4
14,'@MorfMusic,humility,"Gordon’s humility: being a student, taking criticism, lifelong learning",English,13K,3 years ago,"The fact he accepts and expects the head chef to need perfection is why he asks it of his own chefs , it's the mark of a good head chef",https://www.youtube.com/watch?v=e2xNUZAjQr4
15,'@jess-xx3uw,language,Cantonese / translators / language observations and jokes,English,13K,3 years ago,I love the two translators lmao they translated very well. the head chef Henry is speaking in Cantonese and someone translates his Cantonese to Mandarin. Then the lady translates the Mandarin into English for Gordon. This is gold hahaha,https://www.youtube.com/watch?v=e2xNUZAjQr4
16,'@rickc-137___,chef_persona,"Head chef demeanor, calm authority, appearance",English,160,2 years ago,Aisians dont f around. I love the cold steely face of this Chef. He is in control and its obvious.,https://www.youtube.com/watch?v=e2xNUZAjQr4
17,'@ExotiqBeautii,humility,"Gordon’s humility: being a student, taking criticism, lifelong learning",English,11K,4 years ago,"the difference with Gordon, is that even when he doesn't do it right, he doesn't get in his feelings and argue. he takes the critique and learns from it. well done Gordon!",https://www.youtube.com/watch?v=e2xNUZAjQr4
18,'@_absurd,chef_standards,Head chef not lowering standards / not intimidated by celebrity,English,10K,4 years ago,i love this passion in food from head chefs. they're serving meals for £4 but have better standards and quality than restaurants serving the exact same for £20. absolutely fantastic,https://www.youtube.com/watch?v=e2xNUZAjQr4
19,'@asliceobread,score,The 45/100 vs 5/10 translation discrepancy,English,5.6K,4 years ago,"Actually, Henry said he gets 45 points so the translator was generous and rounded up for Gordon and gave him a 5/10, lol.
Amazing to see Gordon working so humbly.",https://www.youtube.com/watch?v=e2xNUZAjQr4
20,'@michaelpryor78,chef_persona,"Head chef demeanor, calm authority, appearance",English,112,2 years ago,Lmao at Henry standing right next to Gordon with arms folded as he makes his dish,https://www.youtube.com/watch?v=e2xNUZAjQr4
21,'@alvindurochermtl,professional,"Culinary technique: dim sum craft, balance, training years",English,9.1K,4 years ago,"There is a simple reason why Gordon's dumpling didn't pass the head chef's scrutiny.  Dim Sum is predominantly a Cantonese or Southern Chinese cooking, and Southern Chinese cooking puts great emphasis on subtlety.  The roast duck in the dumpling predictably overwhelms both the subtle flavour and delicate texture of the shrimp and scallop.  That piece of garlic was also unnecessary and overkill for steamed dumpling.  It's all about balance.",https://www.youtube.com/watch?v=e2xNUZAjQr4
22,'@lcceo22,humility,"Gordon’s humility: being a student, taking criticism, lifelong learning",English,6.9K,4 years ago,"The best part of this, is the respect he shows throughout. He knows he's out of his depth, and isn't trying to show otherwise. He still knows what it is to be the student.",https://www.youtube.com/watch?v=e2xNUZAjQr4
23,'@capthook1,mutual_respect,Respect on both sides explicitly,English,4.2K,4 years ago,Respect to Gordon (and the head chef) for working together with zero drama. Gordon takes criticism like a pro- take notes folks.,https://www.youtube.com/watch?v=e2xNUZAjQr4
24,'@LuminAth,chef_persona,"Head chef demeanor, calm authority, appearance",English,21,1 year ago,The young chef is so handsome [loudly crying face emoji],https://www.youtube.com/watch?v=e2xNUZAjQr4
25,'@anaistres3359,chef_persona,"Head chef demeanor, calm authority, appearance",English,3.7K,3 years ago,"""He's worse than me..."" boy, he didn't even yell once, please. [face with tears of joy emoji] He's calm and collected; I'd say the head chef has done great!",https://www.youtube.com/watch?v=e2xNUZAjQr4
26,'@hwa3601,humility,"Gordon’s humility: being a student, taking criticism, lifelong learning",English,13K,4 years ago,For a professional like Gordon Ramsey to be such a humble student. He definitely earn my respect totally.,https://www.youtube.com/watch?v=e2xNUZAjQr4
27,'@amirulhakim268,chef_persona,"Head chef demeanor, calm authority, appearance",English,5.1K,4 years ago,"""He's worse than me"" coming out from Gordon Ramsay, and try staring at the head chef, his face is calm, but the way he stares is worse than Gordon's wrath too LMAO",https://www.youtube.com/watch?v=e2xNUZAjQr4
28,'@s.w.d4010,chef_persona,"Head chef demeanor, calm authority, appearance",English,15,1 year ago,Damn that chef is a beautiful man!,https://www.youtube.com/watch?v=e2xNUZAjQr4
29,'@schwakyl000,other,"Meta, jokes, or references not fitting above",English,4.1K,4 years ago,"""I've never been in a kitchen where I haven't been in control.""

Laughs in Marco Pierre White",https://www.youtube.com/watch?v=e2xNUZAjQr4
30,'@jasonalvarado7702,humility,"Gordon’s humility: being a student, taking criticism, lifelong learning",English,7.9K,4 years ago,"For Gordon to be that humble, at his level is a statement!!",https://www.youtube.com/watch?v=e2xNUZAjQr4
31,'@pakiu7874,score,The 45/100 vs 5/10 translation discrepancy,English,4.2K,3 years ago,He actually said 45 points in Cantonese but the translator changed it to 5/10 [face with tears of joy emoji] x6,https://www.youtube.com/watch?v=e2xNUZAjQr4
32,'@brainrich1358,humility,"Gordon’s humility: being a student, taking criticism, lifelong learning",English,66,2 years ago,"I love how he respected the head chef's order and command of his kitchen, especially making the dumplings the way the head chef wanted them. Then after he got it right, then he did his own twist of the recipe. Very great!",https://www.youtube.com/watch?v=e2xNUZAjQr4
33,'@robertballuumm730,chef_standards,Head chef not lowering standards / not intimidated by celebrity,English,1.3K,4 years ago,Love it. The head chef refused to drop his standards. I've eaten there many times and the food is absolutely superb.,https://www.youtube.com/watch?v=e2xNUZAjQr4
34,'@tomcharles2987,humility,"Gordon’s humility: being a student, taking criticism, lifelong learning",English,3.7K,3 years ago,"Gordon is an absolute stud. He's got a lane he excels in. And when he's not in his lane and in someone else's, he's incredibly humble enough to embrace that. How can you not love the guy. He's the reason I enjoy spending money on food experiences.",https://www.youtube.com/watch?v=e2xNUZAjQr4
35,'@bentate6288,mutual_respect,Respect on both sides explicitly,English,2.3K,3 years ago,It's always good to see people at the top of their game work together most of the time it's respectful,https://www.youtube.com/watch?v=e2xNUZAjQr4
36,'@breadtoast1036,score,The 45/100 vs 5/10 translation discrepancy,English,6,9 months ago,i fear the man who gets 9/10 from henry,https://www.youtube.com/watch?v=e2xNUZAjQr4
37,'@hktvb999,score,The 45/100 vs 5/10 translation discrepancy,English,1.4K,4 years ago,"The chef said 45 percent but the guy in the suit translated it to 5 out of 10, making sure Gordon don't burn down the restaurant [rolling on the floor laughing emoji] x5",https://www.youtube.com/watch?v=e2xNUZAjQr4
38,'@himmydawg,score,The 45/100 vs 5/10 translation discrepancy,English,2K,4 years ago,Head Chef actually said 45% so that's below 5/10 lol,https://www.youtube.com/watch?v=e2xNUZAjQr4
39,'@panzfaust9812,chef_persona,"Head chef demeanor, calm authority, appearance",English,834,4 years ago,The calm young head chef looks way more intimidating than a screaming ramsay,https://www.youtube.com/watch?v=e2xNUZAjQr4
40,'@markvincentordiz,chef_persona,"Head chef demeanor, calm authority, appearance",English,32,3 years ago,Head chef looks like a hot anime character,https://www.youtube.com/watch?v=e2xNUZAjQr4
41,'@elbowinhandout,language,Cantonese / translators / language observations and jokes,English,3.2K,3 years ago,Brings a Mandarin interpreter to a Cantonese kitchen [face with tears of joy emoji],https://www.youtube.com/watch?v=e2xNUZAjQr4
42,'@CLCH-n7j,professional,"Culinary technique: dim sum craft, balance, training years",English,2.5K,4 years ago,"Dim sum is one of the art of Cantonese cuisine, you just can't master it without years of training.
And the rating by the chef is actually 45/100.",https://www.youtube.com/watch?v=e2xNUZAjQr4
43,'@banner7925,professional,"Culinary technique: dim sum craft, balance, training years",English,2.1K,4 years ago,"this chef actually looks insanely young, normally it takes 12 years to be Cantonese chef.",https://www.youtube.com/watch?v=e2xNUZAjQr4
44,'@Fong21051,score,The 45/100 vs 5/10 translation discrepancy,English,4,1 year ago,"Interpreter didn't translate it properly as he was too polite. Direct translation is: ""45 points. How can I teach this to my students?""",https://www.youtube.com/watch?v=e2xNUZAjQr4
45,'@extremelucky1,humility,"Gordon’s humility: being a student, taking criticism, lifelong learning",English,878,3 years ago,"A good indicator why Gordon is so good. Came into someone else's kitchen; didn't get his feelings hurt, instead took the feedback, learned. Then used his charisma and talent to win everyone over.",https://www.youtube.com/watch?v=e2xNUZAjQr4
46,'@ms.chsan7727,chef_standards,Head chef not lowering standards / not intimidated by celebrity,English,2.5K,4 years ago,"I like how these chefs work. Very serious, no nonsense. And they all pay attention to how Gordon prepare his creation, very respectful and speak very frankly without demeaning anyone. The head chef gave him a 45 point out of 100 because in his kitchen, Gordon is his disciple so to say. He can't say what isn't good enough as passable so that his own people would understand they can't serve what's not good enough.",https://www.youtube.com/watch?v=e2xNUZAjQr4
47,'@kieranmilton2276,other,"Meta, jokes, or references not fitting above",English,2.2K,3 years ago,"""Tell him there's no msg in it"" was a gold line [face with tears of joy emoji]",https://www.youtube.com/watch?v=e2xNUZAjQr4
48,'@dc1397,humility,"Gordon’s humility: being a student, taking criticism, lifelong learning",English,5,1 year ago,That chef was watching to help coach.  It was nice of him to do that especially for how busy they were.  Ramsey does a great job of soaking up as much information as he can.,https://www.youtube.com/watch?v=e2xNUZAjQr4
49,'@zulucruz664,language,Cantonese / translators / language observations and jokes,English,701,4 years ago,"When the head chef doesn't speak English, you know it's gonna be an authentic dinner experience",https://www.youtube.com/watch?v=e2xNUZAjQr4
50,'@devrolo,humility,"Gordon’s humility: being a student, taking criticism, lifelong learning",English,513,4 years ago,"appreciate how much gordon respects their high standards. he preaches simplicity, freshness, and high standards so to see him get fired up to meet someone else's standards shows how he's really about it and it's not just words.",https://www.youtube.com/watch?v=e2xNUZAjQr4
51,'@jinzhonggu8276,professional,"Culinary technique: dim sum craft, balance, training years",English,921,4 years ago,"The appearance of a dumpling is extremely crucial. As nearly every Chinese can make dumplings, when we see a badly shaped dumpling, we only assume it to be made by kids when they just play with ingredients for fun. Because dumplings in the North part of China are being boiled rather than streamed, so if a dumpling is not properly wrapped, it cracks open in water and tastes bad.",https://www.youtube.com/watch?v=e2xNUZAjQr4
52,'@calebmiller1233,humility,"Gordon’s humility: being a student, taking criticism, lifelong learning",English,0,1 month ago,"Gordon maybe one of the most well rounded chefs in the world, but he understands that there our chefs that specialize in certain dishes and can make them better than he can. I love the humility",https://www.youtube.com/watch?v=e2xNUZAjQr4
53,'@V3ssel1721,humility,"Gordon’s humility: being a student, taking criticism, lifelong learning",English,1.7K,4 years ago,"This is how I can tell gordon is so much more than just another chef. No matter how good he is or how high his achievements are, he knows there's always something else to learn and master, and to do that he has to be humble student. Which he did. That's what makes him successful is that he always finds opportunities to learn rather than boast his skills in the kitchen.",https://www.youtube.com/watch?v=e2xNUZAjQr4
54,'@Blablablarandomguy,humility,"Gordon’s humility: being a student, taking criticism, lifelong learning",English,501,4 years ago,Not every chef at his level would want to challenge themselves and put themselves out of their comfort zone like this. Respect.,https://www.youtube.com/watch?v=e2xNUZAjQr4
55,'@spicken,humility,"Gordon’s humility: being a student, taking criticism, lifelong learning",English,1K,4 years ago,"I'm impressed, this shows your desire for lifelong learning, and it's implicit respect for masterful Chinese cooking.",https://www.youtube.com/watch?v=e2xNUZAjQr4
56,'@beige_melody,chef_persona,"Head chef demeanor, calm authority, appearance",English,3,4 months ago,I like how Chef Henry was just aura farming in the background,https://www.youtube.com/watch?v=e2xNUZAjQr4
57,'@briangohzhen,score,The 45/100 vs 5/10 translation discrepancy,English,25,3 years ago,He did not technically said 5/10. What he said was 45 points. So i guess he meant 45/100,https://www.youtube.com/watch?v=e2xNUZAjQr4
58,'@dahliajaffri5403,chef_persona,"Head chef demeanor, calm authority, appearance",English,603,4 years ago,You don't usually see a Chinese head chef that young ...good job Henry,https://www.youtube.com/watch?v=e2xNUZAjQr4
59,'@veganchristian5127,chef_persona,"Head chef demeanor, calm authority, appearance",English,202,4 years ago,Chef henry looks like the real deal though. His presence is incredible,https://www.youtube.com/watch?v=e2xNUZAjQr4
60,'@SkllSession,humility,"Gordon’s humility: being a student, taking criticism, lifelong learning",English,3,3 years ago,"As much as he was basically humbled by the chefs later on in the vid, hearing someone say, ""I've never been in a kitchen where I've never been in control,""  and, ""I may be an award-winning chef..."" just itches me the wrong way. It screams such a quiet pretentiousness even if he didn't mean it that way.",https://www.youtube.com/watch?v=e2xNUZAjQr4
61,'@mattsteve7229,humility,"Gordon’s humility: being a student, taking criticism, lifelong learning",English,919,4 years ago,Really cool that he's going out of his comfort zone and doing things he doesn't usually do to show people that he can learn as well.,https://www.youtube.com/watch?v=e2xNUZAjQr4
62,'@anjanbharali3470,chef_persona,"Head chef demeanor, calm authority, appearance",English,441,3 years ago,the way henry rejected gordon with his hands say a lot about his poise. He is a true leader who doesn't want to compromise,https://www.youtube.com/watch?v=e2xNUZAjQr4
63,'@blxcklab,chef_persona,"Head chef demeanor, calm authority, appearance",English,32,4 years ago,That head chef's stare is like a father who won't let you sleep until you done your homework perfectly.,https://www.youtube.com/watch?v=e2xNUZAjQr4
64,'@jonathantoast_2055,score,The 45/100 vs 5/10 translation discrepancy,English,4,2 years ago,I like how the 5 out of 10 is actually the translator sugar coating it for Gordon. The chef actually said 45 points(out of 100) lol,https://www.youtube.com/watch?v=e2xNUZAjQr4
65,'@jasmadams,humility,"Gordon’s humility: being a student, taking criticism, lifelong learning",English,118,4 years ago,"""He's worse than me, that *er, ya know that?""
Gordon Ramsay's highest possible compliment to a chef.",https://www.youtube.com/watch?v=e2xNUZAjQr4
66,'@tonychan8558,mutual_respect,Respect on both sides explicitly,English,245,3 years ago,"Fair play to both sides. Gordon Ramsay for accepting his position as a student and giving it a shot. The chefs who don't give a damn about celebrity, reputation and status, and judges ONLY the food. Makes me proud to be Cantonese!",https://www.youtube.com/watch?v=e2xNUZAjQr4
67,'@nachyomoney3598,humility,"Gordon’s humility: being a student, taking criticism, lifelong learning",English,398,3 years ago,"It's nice to see Gordon on the receiving end of criticism, and he handles it well.  He can be a dick from time to time but knows how to accept when people are being a dick to him.  Seeing this makes me respect Gordon even more, as he is willing to be wrong and continues to stay humbled and keep learning and growing as a chef.",https://www.youtube.com/watch?v=e2xNUZAjQr4
68,'@meli1872,chef_persona,"Head chef demeanor, calm authority, appearance",English,10,1 year ago,damn that one chef is hot,https://www.youtube.com/watch?v=e2xNUZAjQr4
69,'@yerpderp6800,humility,"Gordon’s humility: being a student, taking criticism, lifelong learning",English,487,4 years ago,"What I like about Ramsay is that when he's in front of other masters he doesn't let the ego affect his cooking ability. Like it's clear he still has an ego regarding his cooking, he's pretty good after all, and he also acknowledges he still has more to learn. Very easy to not let go of the ego after you're as accomplished as he is. It comes off as a joking friend vs something to fight against.",https://www.youtube.com/watch?v=e2xNUZAjQr4
70,'@ChanningsTaint,chef_standards,Head chef not lowering standards / not intimidated by celebrity,English,396,3 years ago,"I especially love the fact that even with Gordon's status and big name, the head chef still kept his standards high and expectations high. He didn't sway his opinions or standards just because a bunch of cameras were in his kitchen filming a world chef. He still treated him like any one of his underlings in there",https://www.youtube.com/watch?v=e2xNUZAjQr4
71,'@WilliamStormXBlade88,professional,"Culinary technique: dim sum craft, balance, training years",English,306,4 years ago,"Gordon actually misses the point of ""Dim Sum"" when he says""... keeping [the mix veggie] nice and whole so you can identify it"".  Generally speaking : Each piece of Dim Sum is meant to be eaten whole as one bite.  Whist there is a visual aspect to it, you are not really meant to ""bite it in half"" and see what's inside.",https://www.youtube.com/watch?v=e2xNUZAjQr4
72,'@litan114,score,The 45/100 vs 5/10 translation discrepancy,English,16,1 year ago,"3:37 - he actually said 45 / 100 (not 5/10)
you (F)AILED Gordon",https://www.youtube.com/watch?v=e2xNUZAjQr4
73,'@urbanprojectz,humility,"Gordon’s humility: being a student, taking criticism, lifelong learning",English,330,4 years ago,"It's great to see Gordon having a taste of his own medicine. But hats off to him, he isn't afraid to get involved, give a good go and take the criticism, well apart from the 5/10 [rolling on the floor laughing emoji]",https://www.youtube.com/watch?v=e2xNUZAjQr4
74,'@LionHeart2123,chef_persona,"Head chef demeanor, calm authority, appearance",English,296,3 years ago,"Gordon has finally met his match with his tough critic Henry. Henry is calm and cool, but don't let that fool you as he is tough and strict as Gordon Ramsey.",https://www.youtube.com/watch?v=e2xNUZAjQr4
75,'@williamhealy6381,humility,"Gordon’s humility: being a student, taking criticism, lifelong learning",English,233,3 years ago,"I respect that they didn't cut this, Gordon doesn't mind showing that he's not perfect",https://www.youtube.com/watch?v=e2xNUZAjQr4
76,'@Errcyco,humility,"Gordon’s humility: being a student, taking criticism, lifelong learning",English,16,3 years ago,Gordon is very respectful and always makes sure he makes you some food he knows you'll dig. He thinks about each person individually. He's a good dude,https://www.youtube.com/watch?v=e2xNUZAjQr4
77,'@jessicadudson4734,mutual_respect,Respect on both sides explicitly,English,260,4 years ago,"i love both of them. Henry keeps his standards depsite the big name and the cameras in his kitchen, and Gordon is able to learn and willingly work with a new cuisine and with another chef taking the reigns.",https://www.youtube.com/watch?v=e2xNUZAjQr4
78,'@zuogehaoren,chef_standards,Head chef not lowering standards / not intimidated by celebrity,English,11,3 years ago,3:34 well the chef is definitely NOT IMPRESSED,https://www.youtube.com/watch?v=e2xNUZAjQr4
79,'@Silentbob1494,humility,"Gordon’s humility: being a student, taking criticism, lifelong learning",English,181,4 years ago,"I love Gordon being so humble because this isn't his kitchen despite him being... Y'know... Him. That being said, seeing Gordon seek approval is weird enough that i now feel like i need a shower, lol",https://www.youtube.com/watch?v=e2xNUZAjQr4
80,'@rosepierce9382,chef_persona,"Head chef demeanor, calm authority, appearance",English,20,2 years ago,Ok but whys no one talking about how cute Henry is,https://www.youtube.com/watch?v=e2xNUZAjQr4
81,'@nitsuj6801,language,Cantonese / translators / language observations and jokes,English,266,4 years ago,"Gordon: decides to work in chinese restaurant

Also Gordon: Why is it in Chinese?",https://www.youtube.com/watch?v=e2xNUZAjQr4
82,'@Popikawaii,mutual_respect,Respect on both sides explicitly,English,204,4 years ago,"Wow, the brutal honesty while at the same time the amount of respect on both sides. Amazing.",https://www.youtube.com/watch?v=e2xNUZAjQr4
83,'@MoonKnight1488,humility,"Gordon’s humility: being a student, taking criticism, lifelong learning",English,321,3 years ago,"Gordon for the past 20 years has been amazing. He spent his whole younger life busting it to become top tier. Then after he achieved success and fame. He goes out and forces himself to be humble again.

That's why we love Gordon. He never stopped learning. Throughout all his life he honors his mistakes and tries as hard as possible at his task.",https://www.youtube.com/watch?v=e2xNUZAjQr4
84,'@Roxy377,humility,"Gordon’s humility: being a student, taking criticism, lifelong learning",English,2,4 months ago,"This is why i love Gordon, very humble.",https://www.youtube.com/watch?v=e2xNUZAjQr4
85,'@JesusGarcia-eu7hi,humility,"Gordon’s humility: being a student, taking criticism, lifelong learning",English,137,1 year ago,This is actually better for him cause he will now properly do it now it's always nice to see a master chef learn more,https://www.youtube.com/watch?v=e2xNUZAjQr4
86,'@aest882,professional,"Culinary technique: dim sum craft, balance, training years",English,209,4 years ago,"dim sum food is insanely hard to master, some of those dishes can take a long time to learn and perfect and so many things can go wrong so quickly. While they seem simple they arent",https://www.youtube.com/watch?v=e2xNUZAjQr4
87,'@Shriinsid,chef_persona,"Head chef demeanor, calm authority, appearance",English,64,3 years ago,I love how calm the head chef is,https://www.youtube.com/watch?v=e2xNUZAjQr4
88,'@JmbutPetal,humility,"Gordon’s humility: being a student, taking criticism, lifelong learning",English,2,9 months ago,Very good traits.. Dont care if you are an expert or the best chef in the world.. You still willing to reflect and learn from mistakes and others.. No wonder he is one of the greatest..,https://www.youtube.com/watch?v=e2xNUZAjQr4
89,'@youngz13o,other,"Meta, jokes, or references not fitting above",English,293,4 years ago,Now I understand why Gordon doesn't do a lot of Chinese food exploration lol,https://www.youtube.com/watch?v=e2xNUZAjQr4
90,'@yts23,chef_persona,"Head chef demeanor, calm authority, appearance",English,26,4 years ago,That head chef was just as serious gordan Ramsey,https://www.youtube.com/watch?v=e2xNUZAjQr4
91,'@slimanehadjsaid9013,humility,"Gordon’s humility: being a student, taking criticism, lifelong learning",English,70,4 years ago,Gordon gets out of his comfort zone and dives in. Bravo,https://www.youtube.com/watch?v=e2xNUZAjQr4
92,'@Ameli481,chef_persona,"Head chef demeanor, calm authority, appearance",English,4,2 years ago,The chef kinda cute,https://www.youtube.com/watch?v=e2xNUZAjQr4
93,'@Japinglish93,professional,"Culinary technique: dim sum craft, balance, training years",English,75,4 years ago,"New found respect for Dim Sum kitchen staff. Growing up eating this with my family on the weekends, I never realized the hard work they put into making the steamed dishes. Gordon was right about it only being a few bucks a dish that took a lot of effort to make. Amazing!",https://www.youtube.com/watch?v=e2xNUZAjQr4
94,'@Theemdashman,humility,"Gordon’s humility: being a student, taking criticism, lifelong learning",English,82,4 years ago,"I do love how Gordon is willing to learn and doesn't just assume he's already good enough, despite being an award winning chef.",https://www.youtube.com/watch?v=e2xNUZAjQr4
95,'@AlexeiArntzen,humility,"Gordon’s humility: being a student, taking criticism, lifelong learning",English,171,4 years ago,And that's what makes a master of anything. The willingness to learn. Gordon leads by example. Good guy,https://www.youtube.com/watch?v=e2xNUZAjQr4
96,'@beardedbloke2521,chef_persona,"Head chef demeanor, calm authority, appearance",English,14,2 years ago,The head chef looks far more scary than Ramsay. It's like he's on the edge and will execute you for the tiniest error.....,https://www.youtube.com/watch?v=e2xNUZAjQr4
97,'@theredone9256,humility,"Gordon’s humility: being a student, taking criticism, lifelong learning",English,229,4 years ago,I never thought I'd see the Gordon Ramsay Not impress someone with his cooking crazy. Even a Masterchef like him can fail,https://www.youtube.com/watch?v=e2xNUZAjQr4
98,'@westnilesnipes,chef_persona,"Head chef demeanor, calm authority, appearance",English,29,4 years ago,"I love that ""Yeah...nah"" look on the chefs faces as Gordon's preparing his special dish haha.",https://www.youtube.com/watch?v=e2xNUZAjQr4
99,'@Gabriel-sh3ms,score,The 45/100 vs 5/10 translation discrepancy,English,109,4 years ago,"so at 4:33 the head chef actually says ""id give him a 45 (as in 45/100), and then he says ""how could i teach this to my apprentices""",https://www.youtube.com/watch?v=e2xNUZAjQr4
100,'@RafaelReyes-x4c,chef_standards,Head chef not lowering standards / not intimidated by celebrity,English,1,4 months ago,"No that chef is not worse than Gordon. He has professionalism, something you would know nothing about!",https://www.youtube.com/watch?v=e2xNUZAjQr4
